id,first_name,last_name,email,gender,ip_address
1,Duff,Lammin,dlammin0@free.fr,Male,238.28.186.160
2,Jarid,Pritchitt,jpritchitt1@ifeng.com,Male,60.26.113.123
3,Zacharie,Dran,zdran2@wired.com,Male,158.151.74.236
4,Rowney,Miebes,rmiebes3@yandex.ru,Male,96.22.63.52
5,Sharai,Trevarthen,strevarthen4@wikipedia.org,Female,66.32.70.180
6,Alleyn,Corbitt,acorbitt5@kickstarter.com,Male,232.173.168.50
7,Eldin,Emburey,eemburey6@economist.com,Male,7.40.162.53
8,Constancia,Sugden,csugden7@uol.com.br,Female,168.58.182.183
9,Ebba,Giuroni,egiuroni8@barnesandnoble.com,Female,16.90.156.176
10,Gertrud,Rutigliano,grutigliano9@wikispaces.com,Female,129.53.162.119
11,Wolfy,Whall,wwhalla@paginegialle.it,Male,134.149.162.240
12,Cale,Wakeham,cwakehamb@fotki.com,Male,90.47.103.111
13,Calla,Keenlyside,ckeenlysidec@issuu.com,Female,13.96.89.215
14,Nonna,Busfield,nbusfieldd@wiley.com,Female,214.67.67.177
15,Celestyn,Wanell,cwanelle@mit.edu,Female,177.39.62.215
16,Brigida,Peer,bpeerf@icq.com,Bigender,72.36.37.130
17,Benjamin,Reckus,breckusg@goodreads.com,Male,42.49.250.250
18,Nonah,Mauger,nmaugerh@nytimes.com,Female,65.35.28.158
19,Harwilll,McParland,hmcparlandi@washington.edu,Non-binary,100.22.51.75
20,Wanids,Presslee,wpressleej@cbc.ca,Female,36.115.230.233
21,Nester,Paulack,npaulackk@deliciousdays.com,Male,69.74.66.37
22,Trina,Tubby,ttubbyl@weibo.com,Female,73.118.226.120
23,Valaria,Burdfield,vburdfieldm@plala.or.jp,Female,78.180.56.25
24,Aurlie,Berrigan,aberrigann@foxnews.com,Female,5.158.87.90
25,Karly,Willatts,kwillattso@weather.com,Female,94.138.196.82
26,Orsola,Duckels,oduckelsp@eventbrite.com,Female,105.182.230.42
27,Muriel,Tumasian,mtumasianq@list-manage.com,Female,212.224.31.190
28,Eliot,Kirkbride,ekirkbrider@smugmug.com,Male,25.221.107.6
29,Geno,Adame,gadames@fc2.com,Male,142.232.254.30
30,Betsy,Milner,bmilnert@goo.gl,Female,97.88.87.196
31,Adolphus,Marzello,amarzellou@scientificamerican.com,Male,146.3.234.201
32,Flem,Mawer,fmawerv@hp.com,Male,8.15.81.255
33,Gayle,Chene,gchenew@dropbox.com,Male,143.117.44.98
34,Anita,Want,awantx@mozilla.org,Female,8.172.226.23
35,Caresa,Shipway,cshipwayy@tiny.cc,Female,197.28.76.79
36,Skip,Mart,smartz@webmd.com,Male,219.129.179.148
37,Crawford,Dallow,cdallow10@salon.com,Male,158.206.135.6
38,Wilmette,Layhe,wlayhe11@surveymonkey.com,Non-binary,73.255.87.109
39,Meg,Wasbrough,mwasbrough12@sbwire.com,Female,100.180.148.226
40,Corina,Sabatier,csabatier13@slashdot.org,Female,58.170.111.19
41,Bren,Killby,bkillby14@dyndns.org,Male,27.40.35.117
42,Malynda,Dunlap,mdunlap15@java.com,Female,93.183.19.157
43,Abagail,Szimoni,aszimoni16@sina.com.cn,Bigender,48.85.38.230
44,Halie,Dee,hdee17@freewebs.com,Female,112.3.39.201
45,Bethany,Thornley,bthornley18@facebook.com,Female,130.55.66.145
46,Orelle,Malden,omalden19@hubpages.com,Female,110.74.172.73
47,Freeland,Youens,fyouens1a@myspace.com,Male,38.72.239.28
48,Jamill,Tatlow,jtatlow1b@oracle.com,Genderqueer,0.77.130.67
49,Kliment,Lind,klind1c@mozilla.com,Male,133.183.146.205
50,Eva,Josofovitz,ejosofovitz1d@bandcamp.com,Female,191.74.15.27
51,David,Gosnoll,dgosnoll1e@gov.uk,Male,77.8.23.161
52,Emalee,Parish,eparish1f@springer.com,Female,30.50.17.196
53,Morganne,Reddoch,mreddoch1g@furl.net,Female,56.192.180.36
54,Rockwell,Langcastle,rlangcastle1h@ihg.com,Male,107.188.30.179
55,Chick,Blowen,cblowen1i@shutterfly.com,Male,27.226.113.113
56,Garold,Queste,gqueste1j@privacy.gov.au,Male,106.23.217.16
57,Ruby,Ferras,rferras1k@exblog.jp,Female,167.137.153.234
58,Peirce,Leneham,pleneham1l@usa.gov,Male,35.138.120.219
59,Cassy,Brimilcombe,cbrimilcombe1m@live.com,Female,23.63.165.52
60,Shurlock,Croley,scroley1n@joomla.org,Male,250.186.156.248
61,Silvain,Pietruschka,spietruschka1o@nih.gov,Male,247.38.146.187
62,Tomas,Burras,tburras1p@sphinn.com,Male,145.135.74.195
63,Maude,Memmory,mmemmory1q@oracle.com,Female,60.232.246.138
64,Humfrid,Brason,hbrason1r@aboutads.info,Male,71.32.186.171
65,Brenden,Ethridge,bethridge1s@youtube.com,Male,187.103.198.42
66,Nikaniki,Bigland,nbigland1t@icq.com,Female,34.212.209.97
67,Geralda,Birts,gbirts1u@homestead.com,Female,220.52.44.170
68,Verney,Trevaskus,vtrevaskus1v@cisco.com,Male,225.167.84.216
69,Cyndi,Bortolutti,cbortolutti1w@cbsnews.com,Female,178.212.168.0
70,Brodie,Voller,bvoller1x@zdnet.com,Male,172.38.197.203
71,Mechelle,Wigfall,mwigfall1y@discuz.net,Female,252.61.208.20
72,Kiley,Allright,kallright1z@nifty.com,Male,161.67.115.210
73,Dorian,Hassent,dhassent20@pen.io,Male,61.52.92.0
74,Adolpho,Tomasino,atomasino21@netvibes.com,Male,111.105.232.221
75,Jaye,Mulryan,jmulryan22@ebay.com,Genderqueer,18.86.16.58
76,Inge,Kift,ikift23@sphinn.com,Female,39.177.13.149
77,Augustin,Crow,acrow24@foxnews.com,Male,42.23.4.240
78,Malorie,O'Loughnan,moloughnan25@chron.com,Female,36.236.69.218
79,Ulrich,Collen,ucollen26@constantcontact.com,Male,72.137.205.20
80,Carroll,Searjeant,csearjeant27@theatlantic.com,Female,34.121.1.55
81,Orton,Sirkett,osirkett28@nasa.gov,Male,112.226.106.18
82,Frederigo,Sainsbury-Brown,fsainsburybrown29@paginegialle.it,Male,85.36.55.104
83,Hollis,De Bischof,hdebischof2a@dedecms.com,Male,228.73.70.186
84,Gibb,Danforth,gdanforth2b@woothemes.com,Male,45.102.80.64
85,Fenelia,Dimitresco,fdimitresco2c@huffingtonpost.com,Female,101.235.143.132
86,Franzen,Stanbro,fstanbro2d@unesco.org,Male,92.139.66.19
87,Sandie,Slym,sslym2e@vimeo.com,Female,251.67.196.217
88,Grant,Woodburne,gwoodburne2f@paginegialle.it,Male,196.87.9.59
89,Iain,Dubose,idubose2g@tumblr.com,Male,105.4.77.37
90,Galvin,Paule,gpaule2h@alexa.com,Male,146.184.231.195
91,Jacynth,Bower,jbower2i@dedecms.com,Female,235.235.12.64
92,Basile,Bezley,bbezley2j@creativecommons.org,Bigender,93.42.184.213
93,Antone,Nickolls,anickolls2k@boston.com,Male,199.41.196.192
94,Meade,Doorbar,mdoorbar2l@slideshare.net,Female,45.17.228.179
95,Didi,Rolfi,drolfi2m@naver.com,Agender,242.142.52.192
96,Aridatha,Ransley,aransley2n@ucoz.com,Female,28.175.163.52
97,Analiese,Emig,aemig2o@ow.ly,Female,0.62.7.169
98,Chad,Rostern,crostern2p@bloglines.com,Male,20.246.44.99
99,Lucie,Gaine of England,lgaineofengland2q@hibu.com,Agender,165.64.124.111
100,Rosabelle,Roja,rroja2r@mlb.com,Female,46.55.209.231
